link,name,price
https://www.whiskyshop.com/fettercairn-16-year-old-1st-release,Fettercairn 16 Year Old 1st Release 2020 1 litre,99.99
https://www.whiskyshop.com/gordon-macphail-glen-grant-1966-45-year-old,Gordon &amp; Macphail Glen Grant 1966 45 Year Old,780.00
https://www.whiskyshop.com/gordon-macphail-glen-grant-1962-43-year-old-sherry-cask,Gordon &amp; Macphail Glen Grant 1962 43 Year Old Sherry Cask,"1,499.00"
https://www.whiskyshop.com/linkwood-1966-private-collection,Linkwood 1966 Private Collection,"6,500.00"
https://www.whiskyshop.com/mortlach-1974-private-collection,Mortlach 1974 Private Collection,"1,950.00"
https://www.whiskyshop.com/old-pulteney-1982-private-collection,Old Pulteney 1982 Private Collection,"1,200.00"
https://www.whiskyshop.com/jura-1992-28-year-old-connoisseurs-choice,Jura 1992 28 Year Old Connoisseur's Choice,240.00
https://www.whiskyshop.com/linkwood-1973-private-collection,Linkwood 1973 Private Collection,"1,850.00"
https://www.whiskyshop.com/tomatin-1988-31-year-old-connoisseurs-choice,Tomatin 1988 31 Year Old Connoisseur's Choice,799.00
https://www.whiskyshop.com/glen-moray-warehouse-1-tokaji-finish,Glen Moray Warehouse 1 Tokaji Finish,74.95
https://www.whiskyshop.com/glen-scotia-dunnage-tasting-pack,Glen Scotia Dunnage Tasting Pack,50.00
https://www.whiskyshop.com/highland-single-malt-1-42-year-old-that-boutique-y-whisky-company,Highland Single Malt #1 42 Year Old That Boutique-y Whisky Company,399.95
https://www.whiskyshop.com/green-isle,Green Isle,29.95
https://www.whiskyshop.com/grace-ile-25-year-old-the-character-of-islay-whisky-company,Grace Ile 25 Year Old The Character of Islay Whisky Company,299.95
https://www.whiskyshop.com/fiona-macleod-33-year-old-the-character-of-islay-whisky-company,Fiona Macleod 33 Year Old The Character of Islay Whisky Company ,399.95
https://www.whiskyshop.com/darkness-glen-elgin-12-year-old-moscatel-cask,Darkness Glen Elgin 12 Year Old Moscatel Cask,64.95
https://www.whiskyshop.com/darkness-deanston-20-year-old-palo-cortado,Darkness Deanston 20 Year Old Palo Cortado Cask,129.95
https://www.whiskyshop.com/darkness-dalmore-14-year-old-oloroso-cask,Darkness Dalmore 14 Year Old Oloroso Cask,128.95
https://www.whiskyshop.com/darkness-caperdonich-24-year-old-pedro-ximinez-cask,Darkness Caperdonich 24 Year Old Pedro Ximinez Cask,335.95
https://www.whiskyshop.com/darkness-benriach-7-year-old-oloroso-cask,Darkness Benriach 7 Year Old Oloroso Cask,49.95
https://www.whiskyshop.com/darkness-balmenach-18-year-old-moscatel-cask,Darkness Balmenach 18 Year Old Moscatel Cask,89.95
https://www.whiskyshop.com/darkness-aultmore-23-year-old-oloroso-cask,Darkness Aultmore 23 Year Old Oloroso Cask ,99.95
https://www.whiskyshop.com/darkness-auchroisk-21-year-old-moscatel-cask,Darkness Auchroisk 21 Year Old Moscatel Cask ,119.95
https://www.whiskyshop.com/rare-find-speyside-1982-39-year-old,Rare Find Speyside 1982 39 Year Old,385.00
https://www.whiskyshop.com/port-charlotte-pac-01-2001,Port Charlotte Pac: 01 2011,90.00
https://www.whiskyshop.com/loch-lomond-peated-single-grain,Loch Lomond Peated Single Grain,27.95
https://www.whiskyshop.com/personalised-famous-grouse,Personalised Famous Grouse,25.00
https://www.whiskyshop.com/aerstone-10-year-old-land-cask,Aerstone 10 Year Old Land Cask,30.00
https://www.whiskyshop.com/aerstone-10-year-old-sea-cask,Aerstone 10 Year Old Sea Cask ,30.00
https://www.whiskyshop.com/talisker-43-year-old-xpedition-oak,Talisker 43 Year Old Xpedition Oak,"3,500.00"
https://www.whiskyshop.com/arran-1996-736-the-whisky-shop-exclusive,Arran 1996 TWS Exclusive Single Cask #736,
https://www.whiskyshop.com/laphroaig-10-year-old-sherry-oak,Laphroaig 10 Year Old Sherry Oak Finish,65.00
https://www.whiskyshop.com/kilchoman-2012-sherry-cask-the-w-club-exclusive,Kilchoman 2012 Sherry Cask The W Club Exclusive,110.00
https://www.whiskyshop.com/glenturret-30-year-old,Glenturret 30 Year Old,"1,500.00"
https://www.whiskyshop.com/glenturret-10-year-old-peat-smoked,Glenturret 10 Year Old Peat Smoked,52.45
https://www.whiskyshop.com/glenturret-15-year-old,Glenturret 15 Year Old,110.00
https://www.whiskyshop.com/glenturret-12-year-old,Glenturret 12 Year Old,64.95
https://www.whiskyshop.com/kilchoman-loch-gorm-2021,Kilchoman Loch Gorm 2021,75.00
https://www.whiskyshop.com/caol-ila-35-year-old-golden-cask,Golden Cask Caol Ila 35 Year Old,650.00
https://www.whiskyshop.com/longmorn-1987-33-year-old-connoisseurs-choice,Longmorn 1987 33 Year Old Connoisseur's Choice,840.00
https://www.whiskyshop.com/balmenach-1987-32-year-old-connoisseurs-choice,Balmenach 1987 32 Year Old Connoisseur's Choice,495.00
https://www.whiskyshop.com/strathisla-1987-33-year-old-connoisseurs-choice,Strathisla 1987 33 Year Old Connoisseur's Choice,750.00
https://www.whiskyshop.com/benrinnes-1990-30-year-old-connoisseurs-choice,Benrinnes 1990 30 Year Old Connoisseur's Choice,495.00
https://www.whiskyshop.com/littlemill-testament-1976,Littlemill Testament 1976,"7,999.00"
https://www.whiskyshop.com/benriach-21-year-old-the-twenty-one,Benriach 21 Year Old The Twenty One,145.00
https://www.whiskyshop.com/benriach-25-year-old,Benriach 25 Year Old The Twenty Five,325.00
https://www.whiskyshop.com/ancnoc-24-year-old,anCnoc 24 Year Old,120.00
https://www.whiskyshop.com/glendronach-26yo-1994-cask-4363-batch-18,GlenDronach 1994 26 Year Old Batch 18,444.00
https://www.whiskyshop.com/ancnoc-peatheart-batch-2,anCnoc Peatheart Batch 2,52.00
https://www.whiskyshop.com/arran-1999-225-thew-club-exclusive,Arran 1999 #225 The W Club Exclusive,
https://www.whiskyshop.com/benriach-the-smoke-season,Benriach Smoke Season,53.00
https://www.whiskyshop.com/glenkeir-treasures-secret-speyside-15-year-old,Glenkeir Treasures Secret Speyside 15 Year Old,55.00
https://www.whiskyshop.com/tamdhu-batch-strength-no-5,Tamdhu Batch Strength No. 5,86.99
https://www.whiskyshop.com/tamdhu-15-year-old,Tamdhu 15 Year Old,86.99
https://www.whiskyshop.com/glengoyne-legacy-series-chapter-2,Glengoyne Legacy Series Chapter 2 ,69.99
https://www.whiskyshop.com/glengoyne-cask-strength-batch-8,Glengoyne Cask Strength Batch 8,74.99
https://www.whiskyshop.com/glengoyne-30-year-old,Glengoyne 30 Year Old,845.00
https://www.whiskyshop.com/glengoyne-25-year-old,Glengoyne 25 Year Old,395.00
https://www.whiskyshop.com/glengoyne-18-year-old,Glengoyne 18 Year Old,114.99
https://www.whiskyshop.com/glengoyne-10-year-old,Glengoyne 10 Year Old,39.99
https://www.whiskyshop.com/monkey-shoulder,Monkey Shoulder ,30.89
https://www.whiskyshop.com/rare-find-tranquillity-1985-highland-single-malt,Rare Find Tranquillity 1985 Highland Single Malt,385.00
https://www.whiskyshop.com/loch-lomond-20-year-old-open-course-collection-royal-st-georges,Loch Lomond 20 Year Old Open Course Collection Royal St Georgeâ€™s,160.00
https://www.whiskyshop.com/johnnie-walker-blue-label-legendary-eight,Johnnie Walker Blue Label Legendary Eight,275.00
https://www.whiskyshop.com/aberlour-14-year-old-double-cask,Aberlour 14 Year Old Double Cask ,53.99
https://www.whiskyshop.com/bunnahabhain-30-year-old,Bunnahabhain 30 Year Old,500.00
https://www.whiskyshop.com/benromach-21-year-old,Benromach 21 Year Old,125.00
https://www.whiskyshop.com/john-walker-sons-king-george-v,John Walker &amp; Sons King George V,550.00
https://www.whiskyshop.com/paul-john-christmas-edition-2020,Paul John Christmas Edition 2020,64.95
https://www.whiskyshop.com/compass-box-magic-cask,Compass Box Magic Cask,142.99
https://www.whiskyshop.com/johnnie-walker-blue-label-chinese-new-year-2021-year-of-the-ox,Johnnie Walker Blue Label Chinese New Year 2021 - Year of the Ox,224.00
https://www.whiskyshop.com/balblair-1990-connoisseurs-choice,Balblair 1990 29 Year Old Connoisseur's Choice ,620.00
https://www.whiskyshop.com/benriach-2005-uk-exclusive-pedro-ximenez-cask-5278,Benriach 2005 UK Exclusive Pedro Ximenez Cask #5278,99.95
https://www.whiskyshop.com/benriach-2005-14-year-old-7553,Benriach 2005 UK Exclusive Peated Rum Cask #7553,120.00
https://www.whiskyshop.com/black-bottle-10-year-old,Black Bottle 10 Year Old,28.99
https://www.whiskyshop.com/deanston-10-year-old-bordeaux-red-wine-cask-finish,Deanston 10 Year Old Bordeaux Red Wine Cask Finish,60.00
https://www.whiskyshop.com/bowmore-18-year-old-wind-waves-11714,Character of Islay Bowmore 18 Year Old Wind &amp; Waves #11714,294.95
https://www.whiskyshop.com/the-singleton-of-glen-ord-38-year-old-epicurean-odyssey,The Singleton of Glen Ord 38 Year Old Epicurean Odyssey,"2,100.00"
https://www.whiskyshop.com/johnnie-walker-black-icon-200th-anniversary,Johnnie Walker Black Icon 200th Anniversary,31.99
https://www.whiskyshop.com/johnnie-walker-gold-icon-200th-anniversary,Johnnie Walker Gold Icon 200th Anniversary,
https://www.whiskyshop.com/drinks-by-the-dram-whisky-baubles,Drinks By The Dram Whisky Baubles ,39.95
https://www.whiskyshop.com/glenmorangie-12-year-old-malaga,Glenmorangie 12 Year Old Malaga,79.95
https://www.whiskyshop.com/compass-box-arcana,Compass Box Peat Monster Arcana,72.99
https://www.whiskyshop.com/ancnoc-2007-660,anCnoc 2007 #660,94.00
https://www.whiskyshop.com/glenallachie-2006-6620,GlenAllachie 2006 #6620,99.00
https://www.whiskyshop.com/bunnahabhain-1990-28-year-old-boat-captains-brew,Wemyss Malts Bunnahabhain 1990 28 Year Old Boat Captain's Brew,239.00
https://www.whiskyshop.com/bowmore-1988-31-year-old-candied-violets,Wemyss Malts Bowmore 1988 31 Year Old Candied Violets,560.00
https://www.whiskyshop.com/golden-cask-linkwood-12-year-old,Golden Cask Linkwood 12 Year Old,67.99
https://www.whiskyshop.com/first-editions-aultmore-10-year-old-2010,First Editions Aultmore 10 Year Old 2010,70.00
https://www.whiskyshop.com/talisker-hot-chocolate-gift-set,Talisker 10 Year Old 20cl Hot Chocolate Gift Set,25.00
https://www.whiskyshop.com/talisker-exploration-gift-set,Talisker Exploration Gift Set 3x5cl,9.95
https://www.whiskyshop.com/catalog/product/view/id/9164/s/singleton-of-dufftown-12-year-old-tumbler-gift-set/,Singleton of Dufftown 12 Year Old Tumbler Gift Set,37.99
https://www.whiskyshop.com/johnnie-walker-blue-label-glass-gift-set,Johnnie Walker Blue Label Glass Gift Set,195.00
https://www.whiskyshop.com/johnnie-walker-black-label-glass-gift-set,Johnnie Walker Black Label Glass Gift Set,30.00
https://www.whiskyshop.com/johnnie-walker-18-year-old-glass-gift-set,Johnnie Walker 18 Year Old Glass Gift Set,84.00
https://www.whiskyshop.com/johnnie-walker-black-label-gift-tin,Johnnie Walker Black Label Gift Tin,30.00
https://www.whiskyshop.com/johnnie-walker-gold-label-glass-gift-set,Johnnie Walker Gold Label Glass Gift Set,49.00
https://www.whiskyshop.com/compass-box-spice-tree-extravaganza,Compass Box Spice Tree Extravaganza,91.95
https://www.whiskyshop.com/compass-box-rogues-banquet,Compass Box Rogues Banquet,184.95
https://www.whiskyshop.com/compass-box-juveniles,Compass Box Juveniles,94.95
https://www.whiskyshop.com/compass-box-flaming-heart,Compass Box Flaming Heart,120.00
https://www.whiskyshop.com/gordon-macphail-glen-grant-1954-59-year-old,Gordon &amp; MacPhail Glen Grant 1954 59 Year Old,"2,500.00"
https://www.whiskyshop.com/gordon-macphail-mortlach-1949-51-year-old,Gordon &amp; MacPhail Mortlach 1949 51 Year Old,"3,999.00"
https://www.whiskyshop.com/jura-the-loch,Jura The Loch,89.99
https://www.whiskyshop.com/kilchoman-machir-bay-cask-strength-christmas-edition,Kilchoman Machir Bay Cask Strength Christmas Edition,56.00
https://www.whiskyshop.com/darkness-caperdonich-23-year-old-10188,Darkness Caperdonich 23 Year Old 10188,307.95
https://www.whiskyshop.com/darkness-aultmore-22-year-old-10358,Darkness Aultmore 22 Year Old 10358,87.95
https://www.whiskyshop.com/octomore-11-3-islay-barley,Octomore 11.3 Islay Barley,175.00
https://www.whiskyshop.com/bruichladdich-black-art-8,Bruichladdich Black Art 8,289.95
https://www.whiskyshop.com/ardbeg-wee-beastie,Ardbeg Wee Beastie,39.00
https://www.whiskyshop.com/the-loch-fyne-bunnahabhain-14-year-old-2005,The Loch Fyne Bunnahabhain 14 Year Old 2005,95.00
https://www.whiskyshop.com/the-loch-fyne-craigellachie-12-year-old-2008,The Loch Fyne Craigellachie 12 Year Old 2008,80.00
https://www.whiskyshop.com/arran-port-wood-cask-finish,Arran Port Wood Cask Finish,49.99
https://www.whiskyshop.com/arran-sauternes-cask-finish,Arran Sauternes Cask Finish,49.99
https://www.whiskyshop.com/the-loch-fyne-the-living-cask-batch-10,The Loch Fyne The Living Cask Batch 10,from 45.00
https://www.whiskyshop.com/macallan-50-year-old-red-collection,Macallan 50 Year Old Red Collection,
https://www.whiskyshop.com/johnnie-walker-blue-label-200th-anniversary,Johnnie Walker Blue Label 200th Anniversary,195.00
https://www.whiskyshop.com/john-walker-sons-28-year-old-bicentenary-blend,John Walker &amp; Sons 28 Year Old Bicentenary Blend,725.00
https://www.whiskyshop.com/glenallachie-9-year-old-rye-cask-finish,GlenAllachie 9 Year Old Rye Cask Finish,58.99
https://www.whiskyshop.com/glen-scotia-11-year-old-sherry-double,Glen Scotia 11 Year Old Sherry Double Cask,59.95
https://www.whiskyshop.com/darkness-8-year-old,Darkness 8 Year Old,49.99
https://www.whiskyshop.com/bowmore-17-year-old-moscatel-cask-finish,Darkness Bowmore 17 Year Old Moscatel Cask Finish,193.99
https://www.whiskyshop.com/aerolite-lyndsay-islay-10-year-old,Aerolite Lyndsay Islay 10 Year Old,39.95
https://www.whiskyshop.com/dalmore-12-year-old-sherry-cask,Dalmore 12 Year Old Sherry Cask Select,69.00
https://www.whiskyshop.com/deanston-1991-muscat-cask-finish,Deanston 1991 Muscat Cask Finish,270.00
https://www.whiskyshop.com/deanston-2002-pinot-noir-cask,Deanston 2002 Pinot Noir Cask,110.00
https://www.whiskyshop.com/deanston-2002-organic,Deanston 2002 Organic,134.99
https://www.whiskyshop.com/bunnahabhain-2008-manzanilla-cask,Bunnahabhain 2008 Manzanilla Cask,149.99
https://www.whiskyshop.com/bunnahabhain-1997-moine,Bunnahabhain 1997 Moine,369.99
https://www.whiskyshop.com/tobermory-23-year-old,Tobermory 23 Year Old,269.99
https://www.whiskyshop.com/balvenie-tun-1509-batch-7,Balvenie Tun 1509 Batch 7,300.00
https://www.whiskyshop.com/benriach-the-twelve-1,Benriach The Smoky Ten,46.00
https://www.whiskyshop.com/catalog/product/view/id/7898/s/benriach-original-ten/,Benriach The Original Ten,45.00
https://www.whiskyshop.com/benriach-the-smoky-twelve,Benriach The Smoky Twelve,51.00
https://www.whiskyshop.com/loch-lomond-30-year-old,Loch Lomond 30 Year Old,500.00
https://www.whiskyshop.com/pittyvaich-30-year-old-special-releases-2020,Pittyvaich 30 Year Old Special Releases 2020,400.00
https://www.whiskyshop.com/dalwhinnie-30-year-old-special-releases-2020,Dalwhinnie 30 Year Old Special Releases 2020,550.00
https://www.whiskyshop.com/cardhu-11-year-old-special-releases-2020,Cardhu 11 Year Old Special Releases 2020,85.00
https://www.whiskyshop.com/talisker-8-year-old-special-releases-2020,Talisker 8 Year Old Special Releases 2020,90.00
https://www.whiskyshop.com/loch-lomond-the-english-open,Loch Lomond The English Open Sauternes Cask,84.99
https://www.whiskyshop.com/loch-lomond-british-masters,Loch Lomond British Masters Limousin Oak Cask,84.99
https://www.whiskyshop.com/loch-lomond-the-english-championship,Loch Lomond The English Championship Rum Cask,89.99
https://www.whiskyshop.com/loch-lomond-the-uk-championship,Loch Lomond The UK Championship Tawny Port Cask,89.99
https://www.whiskyshop.com/first-editions-talisker-2010-8-year-old,First Editions Talisker 2010 8 Year Old,105.99
https://www.whiskyshop.com/port-charlotte-olc-2010,Port Charlotte OLC: 01 2010 Heavily Peated,86.95
https://www.whiskyshop.com/macallan-18-year-old-double-cask,Macallan 18 Year Old Double Cask,from 250.00
https://www.whiskyshop.com/macallan-1954-47-year-old-fine-rare,Macallan 1954 47 Year Old Fine &amp; Rare #1902,"31,995.00"
https://www.whiskyshop.com/macallan-1940-37-year-old-fine-rare,Macallan 1940 37 Year Old Fine &amp; Rare ,
https://www.whiskyshop.com/glenlivet-spectra,The Glenlivet Spectra,99.95
https://www.whiskyshop.com/teachers-highland-cream-whisky,Teacher's Highland Cream,20.00
https://www.whiskyshop.com/glenallachie-2008-508,Glenallachie 2008 #508,
https://www.whiskyshop.com/balvenie-the-edge-of-burnhead-wood-19-year-old,Balvenie The Edge of Burnhead Wood 19 Year Old,260.00
https://www.whiskyshop.com/port-ellen-40-year-old-9-rogue-casks,Port Ellen 40 Year Old 9 Rogue Casks,"6,395.00"
https://www.whiskyshop.com/wemyss-malts-velvet-fig-25-year-old,Wemyss Malts Velvet Fig 25 Year Old,
https://www.whiskyshop.com/arran-1995-217,Arran 1995 #217,225.00
https://www.whiskyshop.com/old-malt-cask-ardbeg-32-year-old-1967,Old Malt Cask Ardbeg 32 Year Old 1967,"3,495.00"
https://www.whiskyshop.com/glen-scotia-2009-784,Glen Scotia 2009 #784,65.00
https://www.whiskyshop.com/first-editions-blair-athol-2009,First Editions Blair Athol 2009,70.00
https://www.whiskyshop.com/ardbeg-1972-velier,Ardbeg 1972 VELIER,"6,995.00"
https://www.whiskyshop.com/dalmore-25-year-old-2019,Dalmore 25 Year Old - 2019,875.00
https://www.whiskyshop.com/stylish-whisky-mini-nessie-decanter-10cl,Stylish Whisky Mini Nessie Decanter 10cl,25.00
https://www.whiskyshop.com/stylish-whisky-mini-piper-decanter-10cl,Stylish Whisky Mini Piper Decanter 10cl,25.00
https://www.whiskyshop.com/stylish-whisky-mini-golf-decanter-10cl,Stylish Whisky Mini Golf Decanter 10cl,25.00
https://www.whiskyshop.com/johnnie-walker-blue-label-rare-side-of-scotland,Johnnie Walker Blue Label Rare Side of Scotland,215.00
https://www.whiskyshop.com/arran-sherry-cask-the-bodega,Arran Sherry Cask The Bodega,59.00
https://www.whiskyshop.com/arran-quarter-cask-the-bothy,Arran Quarter Cask The Bothy,55.00
https://www.whiskyshop.com/jura-1989,Jura 1989,600.00
https://www.whiskyshop.com/glen-moray-rhum-agricole,Glen Moray Rhum Agricole,59.00
https://www.whiskyshop.com/nectar-grove-batch-strength,Nectar Grove Batch Strength,50.00
https://www.whiskyshop.com/first-editions-glen-garioch-2008-10-year-old,First Editions Glen Garioch 2008 10 Year Old,70.00
https://www.whiskyshop.com/glenrothes-whisky-maker-s-cut,Glenrothes Whisky Maker's Cut,45.80
https://www.whiskyshop.com/jura-12-year-old-gift-pack-2019,Jura 12 Year Old Gift Pack 2019,45.00
https://www.whiskyshop.com/johnnie-walker-sweet-peat,Johnnie Walker Sweet Peat,30.00
https://www.whiskyshop.com/benromach-15-year-old,Benromach 15 Year Old,65.95
https://www.whiskyshop.com/1770-peated-no-1,1770 Peated No.1,49.00
https://www.whiskyshop.com/glendronach-1993-26-year-old-7434,Glendronach 1993 26 Year Old #7434,
https://www.whiskyshop.com/the-loch-fyne-gift-builder,The Loch Fyne Gift Box Pick 'n' Mix,
https://www.whiskyshop.com/glen-moray-21-year-old,Glen Moray 21 Year Old,145.00
https://www.whiskyshop.com/magnum-highland-cream-liqueur,Magnum Highland Cream Liqueur,18.99
https://www.whiskyshop.com/bruichladdich-the-classic-laddie-scottish-barley-gift-pack,Bruichladdich The Classic Laddie Scottish Barley Gift Pack,52.00
https://www.whiskyshop.com/macallan-exceptional-single-cask-1950,Macallan Exceptional Single Cask 1950,"69,000.00"
https://www.whiskyshop.com/balblair-25-year-old,Balblair 25 Year Old,525.00
https://www.whiskyshop.com/glenfiddich-grand-cru-23-year-old,Glenfiddich Grand Cru 23 Year Old,220.00
https://www.whiskyshop.com/johnnie-walker-taster-gift-set-3x5cl,Johnnie Walker Taster Gift Set 3x5cl,20.00
https://www.whiskyshop.com/the-loch-fyne-glentauchers-11-year-old,The Loch Fyne Glentauchers 11 Year Old,from 75.00
https://www.whiskyshop.com/the-loch-fyne-aultmore-12-year-old,The Loch Fyne Aultmore 12 Year Old,from 80.00
https://www.whiskyshop.com/the-last-drop-56-year-old,The Last Drop 56 Year Old,"3,750.00"
https://www.whiskyshop.com/johnnie-walker-blue-label-ghost-rare-glenury-royal,Johnnie Walker Blue Label Ghost &amp; Rare: Glenury Royal,269.00
https://www.whiskyshop.com/jura-gift-pack-3x5cl,Jura Gift Pack 3x5cl,21.00
https://www.whiskyshop.com/glenallachie-25-year-old,GlenAllachie 25 Year Old,250.00
https://www.whiskyshop.com/old-pulteney-25-year-old-2019,Old Pulteney 25 Year Old - 2019,425.00
https://www.whiskyshop.com/jura-two-one-two,Jura Two-One-Two (212),79.99
https://www.whiskyshop.com/talisker-41-year-old,Talisker 41 Year Old,"2,900.00"
https://www.whiskyshop.com/highland-park-12-year-old,Highland Park 12 Year Old,40.00
https://www.whiskyshop.com/stylish-whisky-golf-club-decanter-20cl,Stylish Whisky Golf Club Decanter 20cl,45.00
https://www.whiskyshop.com/pot-still-tap-and-glasses,Pot Still Decanter with Tap &amp; 2 Glasses,80.00
https://www.whiskyshop.com/the-lost-distillery-co-dalaruan,The Lost Distillery Co. Dalaruan,50.00
https://www.whiskyshop.com/auchentoshan-gift-pack-3x5cl,Auchentoshan Gift Pack 3x5cl,32.00
https://www.whiskyshop.com/loch-lomond-12-year-old-taster-pack,Loch Lomond 12 Year Old Taster Pack,26.00
https://www.whiskyshop.com/benromach-cask-strength-2009,Benromach Cask Strength 2009,54.95
https://www.whiskyshop.com/kilchoman-twin-pack-2x20cl,Kilchoman Twin Pack 2x20cl,54.00
https://www.whiskyshop.com/loch-lomond-signature,Loch Lomond Signature,30.00
https://www.whiskyshop.com/loch-lomond-original,Loch Lomond Original,25.00
https://www.whiskyshop.com/piper-decanter,Piper Decanter,80.00
https://www.whiskyshop.com/jura-21-year-old-tide,Jura 21 Year Old Tide,160.00
https://www.whiskyshop.com/macallan-10-year-old-sherry-oak-1,Macallan 10 Year Old Sherry Oak,300.00
https://www.whiskyshop.com/bruichladdich-islay-barley-20cl,Bruichladdich Islay Barley 20cl,28.00
https://www.whiskyshop.com/bruichladdich-the-classic-laddie-20cl,Bruichladdich The Classic Laddie 20cl,26.00
https://www.whiskyshop.com/longrow-peated,Longrow Peated,
https://www.whiskyshop.com/glengoyne-21-year-old,Glengoyne 21 Year Old,170.00
https://www.whiskyshop.com/kilchoman-sanaig,Kilchoman Sanaig ,47.49
https://www.whiskyshop.com/kilchoman-marchir-bay,Kilchoman Machir Bay,49.00
https://www.whiskyshop.com/1770-glasgow-malt,1770 Glasgow Single Malt,49.00
https://www.whiskyshop.com/balvenie-a-day-of-dark-barley-26-year-old,Balvenie A Day of Dark Barley 26 Year Old,625.00
https://www.whiskyshop.com/balvenie-the-week-of-peat-14-year-old,Balvenie The Week of Peat 14 Year Old,65.00
https://www.whiskyshop.com/macallan-estate,Macallan Estate 2019,195.00
https://www.whiskyshop.com/johnnie-walker-18-year-old,Johnnie Walker 18 Year Old,82.00
https://www.whiskyshop.com/whisky-works-king-of-trees-10-year-old,Whisky Works King of Trees 10 Year Old,75.00
https://www.whiskyshop.com/tobermory-12-year-old,Tobermory 12 Year Old,50.00
https://www.whiskyshop.com/glendronach-1992-26-year-old-the-whisky-shop-exclusive,GlenDronach 1992 26 Year Old The Whisky Shop Exclusive,
https://www.whiskyshop.com/balblair-18-year-old,Balblair 18 Year Old,103.95
https://www.whiskyshop.com/balblair-15-year-old,Balblair 15 Year Old,80.00
https://www.whiskyshop.com/kingsbarns-dream-to-dram,Kingsbarns Dream to Dram,49.00
https://www.whiskyshop.com/balblair-12-year-old,Balblair 12 Year Old,52.00
https://www.whiskyshop.com/compass-box-the-spaniard,Compass Box The Spaniard,57.00
https://www.whiskyshop.com/macallan-1938-31-year-old-fine-rare,Macallan 1938 31 Year Old Fine &amp; Rare,"42,500.00"
https://www.whiskyshop.com/macallan-1947-15-year-old-fine-rare,Macallan 1947 15 Year Old Fine &amp; Rare,"34,000.00"
https://www.whiskyshop.com/glenglassaugh-evolution,Glenglassaugh Evolution,55.00
https://www.whiskyshop.com/balvenie-1971-dcs-chapter-4,Balvenie 1971 DCS Chapter 4,"20,995.00"
https://www.whiskyshop.com/glen-moray-mastery,Glen Moray Mastery,900.00
https://www.whiskyshop.com/macallan-1940-35-year-old-fine-rare,Macallan 1940 35 Year Old Fine &amp; Rare,"40,000.00"
https://www.whiskyshop.com/glenkeir-treasures-secret-islay,Glenkeir Treasures Secret Islay,55.00
https://www.whiskyshop.com/auchentoshan-american-oak,Auchentoshan American Oak,33.00
https://www.whiskyshop.com/glen-scotia-victoriana,Glen Scotia Victoriana,from 73.00
https://www.whiskyshop.com/talisker-1953-24-year-old-connoisseur-s-choice,Talisker 1953 24 Year Old Connoisseur's Choice,"3,000.00"
https://www.whiskyshop.com/talisker-1952-21-year-old-connoisseur-s-choice,Talisker 1952 21 Year Old Connoisseur's Choice,"2,500.00"
https://www.whiskyshop.com/johnnie-walker-green-label,Johnnie Walker Green Label,40.63
https://www.whiskyshop.com/ballantine-s-miltonduff-17-year-old,Ballantine's Miltonduff 17 Year Old,93.00
https://www.whiskyshop.com/the-john-walker,The John Walker ,"2,115.00"
https://www.whiskyshop.com/glenfiddich-30-year-old,Glenfiddich 30 Year Old ,500.00
https://www.whiskyshop.com/glendronach-peated-cask,Glendronach Peated Cask ,
https://www.whiskyshop.com/glenglassaugh-30-year-old,Glenglassaugh 30 Year Old,360.00
https://www.whiskyshop.com/royal-lochnagar-12-year-old,Royal Lochnagar 12 Year Old,64.00
https://www.whiskyshop.com/port-charlotte-islay-barley,Port Charlotte Islay Barley ,65.00
https://www.whiskyshop.com/glenfarclas-1984,Glenfarclas 1984 ,"5,500.00"
https://www.whiskyshop.com/glenfarclas-1975,Glenfarclas 1975 ,"5,900.00"
https://www.whiskyshop.com/glenfarclas-1974,Glenfarclas 1974,"3,500.00"
https://www.whiskyshop.com/glenfarclas-1973,Glenfarclas 1973,"3,500.00"
https://www.whiskyshop.com/glenfarclas-1967,Glenfarclas 1967,"3,999.00"
https://www.whiskyshop.com/glenfarclas-1965,Glenfarclas 1965,"3,999.00"
https://www.whiskyshop.com/glenfarclas-1961,Glenfarclas 1961,"4,400.00"
https://www.whiskyshop.com/glenfarclas-1958,Glenfarclas 1958,"7,300.00"
https://www.whiskyshop.com/glenfarclas-1957,Glenfarclas 1957,"10,850.00"
https://www.whiskyshop.com/glenfiddich-18-year-old-5cl,Glenfiddich 18 Year Old 5cl,11.00
https://www.whiskyshop.com/famous-grouse,Famous Grouse ,19.00
https://www.whiskyshop.com/stag-s-breath,Stag's Breath,23.00
https://www.whiskyshop.com/glenfiddich-15-year-old-solera-20cl,Glenfiddich 15 Year Old Solera 20cl,27.00
https://www.whiskyshop.com/cragganmore-distillers-edition,Cragganmore Distillers Edition ,63.00
https://www.whiskyshop.com/aberlour-16-year-old,Aberlour 16 Year Old ,85.00
https://www.whiskyshop.com/strathmill-12-year-old,Strathmill 12 year old ,59.00
https://www.whiskyshop.com/singleton-of-dufftown-15-year-old,Singleton of Dufftown 15 Year Old,55.99
https://www.whiskyshop.com/blairmhor-8-year-old-35cl,Blairmhor 8 Year Old 35cl,19.00
https://www.whiskyshop.com/talisker-10-year-old-20cl,Talisker 10 year old 20cl,26.00
https://www.whiskyshop.com/singleton-of-dufftown-18-year-old,Singleton of Dufftown 18 Year Old,76.00
https://www.whiskyshop.com/robert-burns-blend,Robert Burns Blend ,28.00
https://www.whiskyshop.com/compass-box-the-peat-monster,Compass Box The Peat Monster ,47.00
https://www.whiskyshop.com/knockando-12-year-old,Knockando 12 year old ,45.00
https://www.whiskyshop.com/johnnie-walker-blue-label-20cl,Johnnie Walker Blue Label 20cl,53.99
https://www.whiskyshop.com/glenlossie-10-year-old,Glenlossie 10 year old,60.00
https://www.whiskyshop.com/glenkinchie-12-year-old-20cl,Glenkinchie 12 year old 20cl,25.00
https://www.whiskyshop.com/dalwhinnie-15-year-old-20cl,Dalwhinnie 15 year old 20cl,26.00
https://www.whiskyshop.com/cragganmore-12-year-old-20cl,Cragganmore 12 year old 20cl,25.00
https://www.whiskyshop.com/chivas-regal-12-year-old-whisky,Chivas Regal 12 Year Old ,34.00
https://www.whiskyshop.com/bunnahabhain-25-year-old,Bunnahabhain 25 Year Old,360.00
https://www.whiskyshop.com/black-bottle,Black Bottle,21.00
https://www.whiskyshop.com/balvenie-miniature-pack-3x5cl,Balvenie Miniature Pack 3x5cl,28.00
https://www.whiskyshop.com/arran-machrie-moor,Arran Machrie Moor ,55.00
https://www.whiskyshop.com/arran-sauternes-wood-finish,Arran Sauternes Wood Finish ,60.00
https://www.whiskyshop.com/teaninich-10-year-old,Teaninich 10 Year Old,58.00
https://www.whiskyshop.com/mannochmore-12-year-old,Mannochmore 12 Year Old,58.00
https://www.whiskyshop.com/johnnie-walker-red-label,Johnnie Walker Red Label,30.00
https://www.whiskyshop.com/the-glenlivet-21-year-old,The Glenlivet 21 Year Old ,199.00
https://www.whiskyshop.com/glendronach-18-year-old-5cl,GlenDronach 18 Year Old 5cl,15.00
https://www.whiskyshop.com/glen-spey-12-year-old,Glen Spey 12 Year Old ,56.00
https://www.whiskyshop.com/drambuie,Drambuie ,36.00
https://www.whiskyshop.com/bruadar-liqueur,Bruadar Liqueur,28.00
https://www.whiskyshop.com/loch-lomond-19-year-old-royal-portrush,Loch Lomond 19 Year Old Royal Portrush,160.00
https://www.whiskyshop.com/octomore-10-year-old-dialogos,Octomore 10 Year Old Dialogos,160.00
https://www.whiskyshop.com/glenmorangie-allta-private-edition-10th-anniversary,Glenmorangie Allta Private Edition - 10th Anniversary,79.00
https://www.whiskyshop.com/the-glenlivet-nadurra-oloroso-cask-finish,The Glenlivet Nadurra Oloroso Cask Finish,61.00
https://www.whiskyshop.com/dalmore-40-year-old,Dalmore 40 Year Old 2018 Release,"6,750.00"
https://www.whiskyshop.com/johnnie-walker-blenders-batch-directors-edition-2016,Johnnie Walker Blenders' Batch Directors Edition 2016,"2,995.00"
https://www.whiskyshop.com/aberlour-casg-annamh,Aberlour Casg Annamh,54.99
https://www.whiskyshop.com/compass-box-malt-whisky-collection,Compass Box Malt Whisky Collection,25.00
https://www.whiskyshop.com/benrinnes-15-year-old,Benrinnes 15 Year Old,52.00
https://www.whiskyshop.com/glenrothes-18-year-old,Glenrothes 18 Year Old,109.00
https://www.whiskyshop.com/johnnie-walker-gold-label-gift-pack,Johnnie Walker Gold Label Gift Pack,52.00
https://www.whiskyshop.com/chivas-regal-mizunara,Chivas Regal Mizunara,52.00
https://www.whiskyshop.com/monkey-shoulder-smokey-monkey,Monkey Shoulder Smokey Monkey,45.00
https://www.whiskyshop.com/mortlach-12-year-old-the-wee-witchie,Mortlach 12 Year Old The Wee Witchie,44.94
https://www.whiskyshop.com/mortlach-16-year-old-distillers-dram,Mortlach 16 Year Old Distiller's Dram,66.30
https://www.whiskyshop.com/mortlach-20-year-old-cowie-s-blue-seal,Mortlach 20 Year Old Cowie's Blue Seal,189.99
https://www.whiskyshop.com/johnnie-walker-blue-label-ghost-rare-port-ellen,Johnnie Walker Blue Label Ghost &amp; Rare: Port Ellen,264.00
https://www.whiskyshop.com/jura-1988,Jura 1988,650.00
https://www.whiskyshop.com/the-last-drop-glenrothes-1968-cask-13504,The Last Drop Glenrothes 1968 Cask 13504,"5,400.00"
https://www.whiskyshop.com/ailsa-bay-1-2,Ailsa Bay 1.2 Sweet Smoke,60.00
https://www.whiskyshop.com/fettercairn-40-year-old,Fettercairn 40 Year Old,"3,000.00"
https://www.whiskyshop.com/glendronach-revival-15-year-old,GlenDronach 15 Year Old Revival,62.00
https://www.whiskyshop.com/fettercairn-28-year-old,Fettercairn 28 Year Old,550.00
https://www.whiskyshop.com/fettercairn-12-year-old,Fettercairn 12 Year Old,47.00
https://www.whiskyshop.com/macallan-30-year-old-sherry-oak-2020,Macallan 30 Year Old Sherry Oak 2020,"4,750.00"
https://www.whiskyshop.com/old-pulteney-18-year-old,Old Pulteney 18 Year Old,125.00
https://www.whiskyshop.com/port-charlotte-10-year-old,Port Charlotte 10 Year Old,62.00
https://www.whiskyshop.com/talisker-40-year-old,Talisker 40 Year Old,"2,750.00"
https://www.whiskyshop.com/macallan-12-year-old-triple-cask,Macallan 12 Year Old Triple Cask,from 70.00
https://www.whiskyshop.com/benriach-21-year-old,BenRiach 21 Year Old,139.99
https://www.whiskyshop.com/the-loch-fyne-chocolate-orange-liqueur-5cl,The Loch Fyne Chocolate &amp; Orange Liqueur 5cl,7.00
https://www.whiskyshop.com/the-loch-fyne-blend-5cl,The Loch Fyne Blend 5cl,7.00
https://www.whiskyshop.com/the-glenlivet-25-year-old,The Glenlivet 25 Year Old,375.00
https://www.whiskyshop.com/the-tweeddale-the-evolution,The Tweeddale The Evolution,175.00
https://www.whiskyshop.com/classic-malts-gentle-collection,Classic Malts Gentle Collection,34.95
https://www.whiskyshop.com/classic-malts-coastal-collection,Classic Malts Coastal Collection,34.95
https://www.whiskyshop.com/classic-malts-strong-collection,Classic Malt Pack Strong 3 x 20cl,34.95
https://www.whiskyshop.com/golf-ball-on-tee-with-tap,Golf Ball on Tee with Tap,80.00
https://www.whiskyshop.com/johnnie-walker-gold-label-reserve,Johnnie Walker Gold Label Reserve,52.00
https://www.whiskyshop.com/johnnie-walker-double-black,Johnnie Walker Double Black,49.00
https://www.whiskyshop.com/johnnie-walker-black-label,Johnnie Walker Black Label,44.00
https://www.whiskyshop.com/jura-18-year-old,Jura 18 Year Old,75.00
https://www.whiskyshop.com/bunnahabhain-40-year-old,Bunnahabhain 40 Year Old,"2,225.00"
https://www.whiskyshop.com/jura-seven-wood,Jura Seven Wood,59.00
https://www.whiskyshop.com/bunnahabhain-toiteach-a-dha,Bunnahabhain Toiteach A Dha,32.90
https://www.whiskyshop.com/spice-tree,Spice Tree ,50.00
https://www.whiskyshop.com/dalmore-45-year-old,Dalmore 45 Year Old,"11,000.00"
https://www.whiskyshop.com/bunnahabhain-1980-canasta-cask-finish,Bunnahabhain 1980 Canasta Cask Finish,"1,800.00"
https://www.whiskyshop.com/jura-12-year-old,Jura 12 Year Old,45.00
https://www.whiskyshop.com/macallan-18-year-old-sherry-oak-2020,Macallan 18 Year Old Sherry Oak 2020,from 325.00
https://www.whiskyshop.com/dalmore-port-wood-reserve,Dalmore Port Wood Reserve,65.00
https://www.whiskyshop.com/caol-ila-12-year-old-20cl,Caol Ila 12 Year Old 20cl,28.00
https://www.whiskyshop.com/shackleton-blended-malt-scotch,Shackleton Blended Malt Scotch,from 40.00
https://www.whiskyshop.com/bunnahabhain-stiuireadair,Bunnahabhain Stiuireadair,33.95
https://www.whiskyshop.com/globe-and-4-glasses,Globe Decanter &amp; 4 Glasses,80.00
https://www.whiskyshop.com/macallan-no-6-1824-series,Macallan No 6 1824 Series ,"2,800.00"
https://www.whiskyshop.com/glenfiddich-21-year-old-20cl,Glenfiddich 21 Year Old 20cl,45.00
https://www.whiskyshop.com/barrel-and-2-glasses,Barrel and 2 Glasses,80.00
https://www.whiskyshop.com/auchentoshan-gift-pack-3x20cl,Auchentoshan Gift Pack 3 x 20cl,69.00
https://www.whiskyshop.com/barley-tap-and-2-glasses,Barley Tap and 2 Glasses,80.00
https://www.whiskyshop.com/glenfiddich-ipa-experiment,Glenfiddich IPA Experiment,57.00
https://www.whiskyshop.com/aberlour-a-bunadh,Aberlour A'bunadh,79.00
https://www.whiskyshop.com/laphroaig-lore,Laphroaig Lore,89.00
https://www.whiskyshop.com/old-pulteney-1983-vintage,Old Pulteney 1983 Vintage,500.00
https://www.whiskyshop.com/dalmore-35-year-old,Dalmore 35 Year Old,"4,500.00"
https://www.whiskyshop.com/chivas-regal-25-year-old,Chivas Regal 25 year old,285.00
https://www.whiskyshop.com/the-lost-distillery-co-lossit,The Lost Distillery Co. Lossit,50.00
https://www.whiskyshop.com/ardbeg-an-oa,Ardbeg An Oa,49.00
https://www.whiskyshop.com/dalmore-quintessence,Dalmore Quintessence,"1,000.00"
https://www.whiskyshop.com/glenglassaugh-torfa,Glenglassaugh Torfa,53.00
https://www.whiskyshop.com/caol-ila-moch,Caol Ila Moch,70.00
https://www.whiskyshop.com/the-lost-distillery-co-jericho,The Lost Distillery Co. Jericho,50.00
https://www.whiskyshop.com/highland-park-fire,Highland Park Fire,190.00
https://www.whiskyshop.com/talisker-skye,Talisker Skye ,45.00
https://www.whiskyshop.com/caol-ila-distillers-edition,Caol Ila Distillers Edition,from 69.00
https://www.whiskyshop.com/the-lost-distillery-co-gerston,The Lost Distillery Co. Gerston,43.99
https://www.whiskyshop.com/robert-burns-malt,Robert Burns Malt,39.00
https://www.whiskyshop.com/loch-lomond-taster-pack,Loch Lomond Taster Pack,26.00
https://www.whiskyshop.com/chivas-regal-18-year-old,Chivas Regal 18 Year Old,59.50
https://www.whiskyshop.com/aberlour-12-year-old,Aberlour 12 Year Old,40.99
https://www.whiskyshop.com/the-loch-fyne-whisky-gift-pack,The Loch Fyne Whisky Taster Pack,25.00
https://www.whiskyshop.com/ancnoc-18-year-old,anCnoc 18 Year Old,74.50
https://www.whiskyshop.com/laphroaig-quarter-cask,Laphroaig Quarter Cask,50.00
https://www.whiskyshop.com/talisker-storm,Talisker Storm,39.50
https://www.whiskyshop.com/the-lost-distillery-co-auchnagie,The Lost Distillery Co. Auchnagie,50.00
https://www.whiskyshop.com/benromach-10-year-old,Benromach 10 Year Old,41.95
https://www.whiskyshop.com/inchmoan-12-year-old,Loch Lomond Inchmoan 12 Year Old,50.00
https://www.whiskyshop.com/talisker-port-ruighe,Talisker Port Ruighe,39.99
https://www.whiskyshop.com/ancnoc-peatheart,anCnoc Peatheart,59.00
https://www.whiskyshop.com/macallan-25-year-old-sherry-oak-2020,Macallan 25 Year Old Sherry Oak 2020,"1,650.00"
https://www.whiskyshop.com/glen-scotia-taster-pack,Glen Scotia Taster Pack,24.00
https://www.whiskyshop.com/bowmore-25-year-old,Bowmore 25 Year Old,379.00
https://www.whiskyshop.com/auchentoshan-three-wood,Auchentoshan Three Wood,61.00
https://www.whiskyshop.com/glen-scotia-25-year-old,Glen Scotia 25 Year Old,375.00
https://www.whiskyshop.com/benromach-organic,Benromach Organic,45.95
https://www.whiskyshop.com/talisker-distillers-edition,Talisker Distillers Edition,67.00
https://www.whiskyshop.com/glenmorangie-signet,Glenmorangie Signet,175.00
https://www.whiskyshop.com/dalmore-king-alexander-iii,Dalmore King Alexander III,189.00
https://www.whiskyshop.com/glen-scotia-18-year-old,Glen Scotia 18 Year Old,89.00
https://www.whiskyshop.com/inchmurrin-12-year-old,Loch Lomond Inchmurrin 12 Year Old,46.00
https://www.whiskyshop.com/cragganmore-12-year-old,Cragganmore 12 Year Old,52.00
https://www.whiskyshop.com/arran-gold-cream-liqueur,Arran Gold Cream Liqueur,22.00
https://www.whiskyshop.com/cardhu-12-year-old-gift-set,Cardhu 12 Year Old Gift Set,39.99
https://www.whiskyshop.com/glenmorangie-quinta-ruban,Glenmorangie Quinta Ruban,58.00
https://www.whiskyshop.com/glenfiddich-18-year-old-small-batch,Glenfiddich 18 Year Old,68.50
https://www.whiskyshop.com/glendronach-parliament-21-year-old,Glendronach Parliament 21 Year Old,128.95
https://www.whiskyshop.com/dalmore-cigar-malt,Dalmore Cigar Malt,80.00
https://www.whiskyshop.com/bowmore-18-year-old,Bowmore 18 Year Old,from 109.00
https://www.whiskyshop.com/balvenie-17-year-old-doublewood,Balvenie 17 Year Old DoubleWood,99.95
https://www.whiskyshop.com/glen-scotia-15-year-old,Glen Scotia 15 Year Old,63.00
https://www.whiskyshop.com/oban-14-year-old-20cl,Oban 14 Year Old 20cl,29.00
https://www.whiskyshop.com/deanston-virgin-oak,Deanston Virgin Oak,34.00
https://www.whiskyshop.com/glen-moray-18-year-old,Glen Moray 18 Year Old,85.00
https://www.whiskyshop.com/ledaig-18-year-old,Ledaig 18 Year Old,89.00
https://www.whiskyshop.com/highland-park-18-year-old,Highland Park 18 Year Old,110.00
https://www.whiskyshop.com/speyburn-15-year-old,Speyburn 15 Year Old,68.00
https://www.whiskyshop.com/glenmorangie-nectar-d-or,Glenmorangie Nectar d'Or,65.00
https://www.whiskyshop.com/glenfiddich-15-year-old-solera,Glenfiddich 15 Year Old Solera,52.00
https://www.whiskyshop.com/dalwhinnie-distillers-edition,Dalwhinnie Distillers Edition,76.00
https://www.whiskyshop.com/glen-moray-15-year-old,Glen Moray 15 Year Old,55.00
https://www.whiskyshop.com/lagavulin-distillers-edition,Lagavulin Distillers Edition 2019,93.95
https://www.whiskyshop.com/speyburn-10-year-old,Speyburn 10 Year Old,37.00
https://www.whiskyshop.com/glenmorangie-lasanta,Glenmorangie Lasanta,55.00
https://www.whiskyshop.com/glendronach-18-year-old,GlenDronach 18 Year Old ,120.00
https://www.whiskyshop.com/dalmore-18-year-old,Dalmore 18 Year Old,125.00
https://www.whiskyshop.com/dailuaine-16-year-old,Dailuaine 16 Year Old,55.90
https://www.whiskyshop.com/cardhu-18-year-old,Cardhu 18 Year Old,86.00
https://www.whiskyshop.com/bowmore-15-year-old,Bowmore 15 Year Old,from 67.00
https://www.whiskyshop.com/balvenie-14-year-old-caribbean-cask,Balvenie 14 Year Old Caribbean Cask,60.00
https://www.whiskyshop.com/auchentoshan-18-year-old,Auchentoshan 18 Year Old,96.00
https://www.whiskyshop.com/ardbeg-uigeadail,Ardbeg Uigeadail,from 67.00
https://www.whiskyshop.com/loch-lomond-18-year-old,Loch Lomond 18 Year Old,from 78.00
https://www.whiskyshop.com/clynelish-14-year-old-20cl,Clynelish 14 Year Old 20cl,22.50
https://www.whiskyshop.com/glen-scotia-double-cask,Glen Scotia Double Cask,45.00
https://www.whiskyshop.com/glen-moray-12-year-old,Glen Moray 12 Year Old,37.00
https://www.whiskyshop.com/deanston-18-year-old,Deanston 18 Year Old,90.00
https://www.whiskyshop.com/talisker-18-year-old,Talisker 18 Year Old,99.00
https://www.whiskyshop.com/oban-distillers-edition,Oban Distillers Edition,from 59.95
https://www.whiskyshop.com/macallan-12-year-old-sherry-oak,Macallan 12 Year Old Sherry Oak,from 69.99
https://www.whiskyshop.com/lagavulin-16-year-old,Lagavulin 16 Year Old,from 58.00
https://www.whiskyshop.com/dalwhinnie-winters-gold,Dalwhinnie Winter's Gold,49.00
https://www.whiskyshop.com/dalmore-15-year-old,Dalmore 15 Year Old,72.00
https://www.whiskyshop.com/cardhu-15-year-old,Cardhu 15 Year Old,65.00
https://www.whiskyshop.com/bunnahabhain-12-year-old,Bunnahabhain 12 Year Old,from 47.00
https://www.whiskyshop.com/bruichladdich-islay-barley,Bruichladdich Islay Barley,67.00
https://www.whiskyshop.com/bowmore-12-year-old,Bowmore 12 Year Old,from 46.00
https://www.whiskyshop.com/ballantine-s-17-year-old-scapa-edition,Ballantine's 17 Year Old Scapa Edition ,100.00
https://www.whiskyshop.com/ardbeg-corryvreckan,Ardbeg Corryvreckan,80.00
https://www.whiskyshop.com/the-loch-fyne-chocolate-orange-liqueur,The Loch Fyne Chocolate &amp; Orange Liqueur,from 29.00
https://www.whiskyshop.com/the-loch-fyne-blend,The Loch Fyne Blend,from 24.00
https://www.whiskyshop.com/talisker-10-year-old,Talisker 10 Year Old,39.99
https://www.whiskyshop.com/singleton-of-dufftown-12-year-old,Singleton of Dufftown 12 Year Old,34.99
https://www.whiskyshop.com/old-pulteney-12-year-old,Old Pulteney 12 Year Old,44.00
https://www.whiskyshop.com/oban-14-year-old,Oban 14 Year Old,65.00
https://www.whiskyshop.com/ledaig-10-year-old-un-chill-filtered,Ledaig 10 Year Old Un Chill Filtered,50.00
https://www.whiskyshop.com/glenmorangie-18-year-old,Glenmorangie 18 Year Old,
https://www.whiskyshop.com/glenfiddich-12-year-old,Glenfiddich 12 Year Old,45.00
https://www.whiskyshop.com/glendronach-12-year-old,GlenDronach 12 Year Old,49.00
https://www.whiskyshop.com/deanston-12-year-old,Deanston 12 Year Old,49.00
https://www.whiskyshop.com/dalwhinnie-15-year-old,Dalwhinnie 15 Year Old,40.19
https://www.whiskyshop.com/craigellachie-13-year-old,Craigellachie 13 Year Old,55.00
https://www.whiskyshop.com/clynelish-14-year-old,Clynelish 14 Year Old,51.00
https://www.whiskyshop.com/cardhu-12-year-old,Cardhu 12 Year Old,50.00
https://www.whiskyshop.com/caol-ila-12-year-old,Caol Ila 12 Year Old,from 37.50
https://www.whiskyshop.com/blair-athol-12-year-old,Blair Athol 12 Year Old,52.00
https://www.whiskyshop.com/balvenie-12-year-old-doublewood,Balvenie 12 Year Old DoubleWood,44.95
https://www.whiskyshop.com/auchroisk-10-year-old,Auchroisk 10 Year Old,48.00
https://www.whiskyshop.com/auchentoshan-12-year-old,Auchentoshan 12 Year Old,47.00
https://www.whiskyshop.com/ardbeg-10-year-old-whisky,Ardbeg 10 Year Old ,39.94
https://www.whiskyshop.com/the-loch-fyne-the-living-cask-1745,The Loch Fyne The Living Cask 1745,from 75.00
https://www.whiskyshop.com/singleton-54-year-old,The Singleton 54 Year Old Paragon of Time II,"28,850.00"
https://www.whiskyshop.com/fettercairn-46-year-old,Fettercairn 46 Year Old,"8,500.00"
https://www.whiskyshop.com/fettercairn-50-year-old,Fettercairn 50 Year Old,"17,995.00"
https://www.whiskyshop.com/old-fashioned-cocktail-bundle,Old Fashioned Cocktail Bundle,
https://www.whiskyshop.com/glenmorangie-original,Glenmorangie Original,45.00
https://www.whiskyshop.com/the-black-grouse,The Black Grouse ,28.00
https://www.whiskyshop.com/caol-ila-25-year-old,Caol Ila 25 year old ,225.00
https://www.whiskyshop.com/old-pulteney-stroma-liqueur,Old Pulteney Stroma Liqueur ,29.00
https://www.whiskyshop.com/glayva,Glayva ,
